sg_window,sg_poly,prominence,distance,n_peaks,score,mean_prominence,tp,fp,fn,precision,recall,f1,mae,tol_abs,peaks_diff
101,3,0.12,40,38,0.6060606060606061,34.89669083364404,20,18,8,0.5263157894736842,0.7142857142857143,0.6060606060606061,4.25,15,10
81,2,0.09,40,48,0.6052631578947368,31.777239410209788,23,25,5,0.4791666666666667,0.8214285714285714,0.6052631578947368,5.260869565217392,15,20
81,2,0.12,40,48,0.6052631578947368,31.777239410209788,23,25,5,0.4791666666666667,0.8214285714285714,0.6052631578947368,5.260869565217392,15,20
81,2,0.05,40,49,0.5974025974025974,31.130195741463286,23,26,5,0.46938775510204084,0.8214285714285714,0.5974025974025974,5.260869565217392,15,21
81,2,0.07,40,49,0.5974025974025974,31.130195741463286,23,26,5,0.46938775510204084,0.8214285714285714,0.5974025974025974,5.260869565217392,15,21
81,3,0.09,40,49,0.5974025974025974,31.192325190116946,23,26,5,0.46938775510204084,0.8214285714285714,0.5974025974025974,5.260869565217392,15,21
81,3,0.12,40,49,0.5974025974025974,31.192325190116946,23,26,5,0.46938775510204084,0.8214285714285714,0.5974025974025974,5.260869565217392,15,21
101,2,0.12,40,39,0.5970149253731343,33.64110914922179,20,19,8,0.5128205128205128,0.7142857142857143,0.5970149253731343,4.65,15,11
101,2,0.12,30,43,0.5915492957746479,30.52353297140095,21,22,7,0.4883720930232558,0.75,0.5915492957746479,5.0,15,15
81,3,0.05,40,50,0.5897435897435898,30.569920679147227,23,27,5,0.46,0.8214285714285714,0.5897435897435898,5.260869565217392,15,22
81,3,0.07,40,50,0.5897435897435898,30.569920679147227,23,27,5,0.46,0.8214285714285714,0.5897435897435898,5.260869565217392,15,22
81,2,0.12,30,50,0.5897435897435898,30.520931223514502,23,27,5,0.46,0.8214285714285714,0.5897435897435898,5.304347826086956,15,22
101,3,0.09,40,40,0.588235294117647,33.157135399321035,20,20,8,0.5,0.7142857142857143,0.588235294117647,4.25,15,12
101,2,0.07,30,47,0.5866666666666668,27.9332777900521,22,25,6,0.46808510638297873,0.7857142857142857,0.5866666666666668,4.818181818181818,15,19
41,2,0.12,40,54,0.5853658536585367,41.70097113397722,24,30,4,0.4444444444444444,0.8571428571428571,0.5853658536585367,3.1666666666666665,15,26
41,3,0.12,40,54,0.5853658536585367,41.77480183690309,24,30,4,0.4444444444444444,0.8571428571428571,0.5853658536585367,3.1666666666666665,15,26
101,3,0.12,30,44,0.5833333333333334,30.15996798840125,21,23,7,0.4772727272727273,0.75,0.5833333333333334,4.619047619047619,15,16
101,2,0.09,30,44,0.5833333333333334,29.83240628836868,21,23,7,0.4772727272727273,0.75,0.5833333333333334,5.0,15,16
81,2,0.03,40,51,0.5822784810126583,29.910802383726363,23,28,5,0.45098039215686275,0.8214285714285714,0.5822784810126583,5.260869565217392,15,23
81,3,0.12,30,51,0.5822784810126583,29.983588309831088,23,28,5,0.45098039215686275,0.8214285714285714,0.5822784810126583,5.304347826086956,15,23
101,3,0.07,40,41,0.5797101449275363,32.35049887200396,20,21,8,0.4878048780487805,0.7142857142857143,0.5797101449275363,4.25,15,13
101,2,0.09,40,41,0.5797101449275363,32.005229783268724,20,21,8,0.4878048780487805,0.7142857142857143,0.5797101449275363,4.65,15,13
101,3,0.07,30,48,0.5789473684210527,27.65397353858047,22,26,6,0.4583333333333333,0.7857142857142857,0.5789473684210527,4.454545454545454,15,20
51,2,0.12,40,55,0.5783132530120482,36.453610995674005,24,31,4,0.43636363636363634,0.8571428571428571,0.5783132530120482,2.9583333333333335,15,27
41,2,0.09,40,55,0.5783132530120482,40.94475449460236,24,31,4,0.43636363636363634,0.8571428571428571,0.5783132530120482,3.1666666666666665,15,27
41,3,0.09,40,55,0.5783132530120482,41.01724282111139,24,31,4,0.43636363636363634,0.8571428571428571,0.5783132530120482,3.1666666666666665,15,27
101,3,0.09,30,45,0.5753424657534245,29.492278897947468,21,24,7,0.4666666666666667,0.75,0.5753424657534245,4.619047619047619,15,17
101,2,0.12,20,52,0.575,25.30396588597341,23,29,5,0.4423076923076923,0.8214285714285714,0.575,4.260869565217392,15,24
81,3,0.03,40,52,0.575,29.395526234532788,23,29,5,0.4423076923076923,0.8214285714285714,0.575,5.260869565217392,15,24
21,2,0.12,40,56,0.5714285714285714,55.777451179059014,24,32,4,0.42857142857142855,0.8571428571428571,0.5714285714285714,1.375,15,28
51,2,0.09,40,56,0.5714285714285714,35.804552259607384,24,32,4,0.42857142857142855,0.8571428571428571,0.5714285714285714,2.9583333333333335,15,28
51,3,0.12,40,56,0.5714285714285714,36.01541511650846,24,32,4,0.42857142857142855,0.8571428571428571,0.5714285714285714,2.9583333333333335,15,28
41,2,0.07,40,56,0.5714285714285714,40.21493933564693,24,32,4,0.42857142857142855,0.8571428571428571,0.5714285714285714,3.1666666666666665,15,28
41,3,0.07,40,56,0.5714285714285714,40.28613322775403,24,32,4,0.42857142857142855,0.8571428571428571,0.5714285714285714,3.1666666666666665,15,28
101,3,0.05,40,42,0.5714285714285714,31.581660049895525,20,22,8,0.47619047619047616,0.7142857142857143,0.5714285714285714,4.25,15,14
101,2,0.09,20,56,0.5714285714285714,23.504174378237487,24,32,4,0.42857142857142855,0.8571428571428571,0.5714285714285714,4.25,15,28
101,2,0.07,40,42,0.5714285714285714,31.245225211746156,20,22,8,0.47619047619047616,0.7142857142857143,0.5714285714285714,4.65,15,14
101,2,0.05,30,49,0.5714285714285714,26.795671852958552,22,27,6,0.4489795918367347,0.7857142857142857,0.5714285714285714,4.818181818181818,15,21
101,3,0.12,20,53,0.5679012345679013,25.097447880961305,23,30,5,0.4339622641509434,0.8214285714285714,0.5679012345679013,3.9130434782608696,15,25
81,2,0.09,30,53,0.5679012345679013,28.7990550828402,23,30,5,0.4339622641509434,0.8214285714285714,0.5679012345679013,5.304347826086956,15,25
21,2,0.07,40,57,0.5647058823529412,54.80094867020986,24,33,4,0.42105263157894735,0.8571428571428571,0.5647058823529412,1.375,15,29
21,2,0.09,40,57,0.5647058823529412,54.80094867020986,24,33,4,0.42105263157894735,0.8571428571428571,0.5647058823529412,1.375,15,29
21,3,0.12,40,57,0.5647058823529412,55.15780033976837,24,33,4,0.42105263157894735,0.8571428571428571,0.5647058823529412,1.375,15,29
61,2,0.12,40,57,0.5647058823529412,32.10543955499863,24,33,4,0.42105263157894735,0.8571428571428571,0.5647058823529412,2.5833333333333335,15,29
51,3,0.09,40,57,0.5647058823529412,35.38543102281434,24,33,4,0.42105263157894735,0.8571428571428571,0.5647058823529412,2.9583333333333335,15,29
101,3,0.09,20,57,0.5647058823529412,23.343724154414577,24,33,4,0.42105263157894735,0.8571428571428571,0.5647058823529412,3.9166666666666665,15,29
101,2,0.05,40,43,0.5633802816901409,30.51997040085555,20,23,8,0.46511627906976744,0.7142857142857143,0.5633802816901409,4.65,15,15
31,2,0.12,40,61,0.5617977528089887,42.679028636638236,25,36,3,0.4098360655737705,0.8928571428571429,0.5617977528089887,1.88,15,33
31,3,0.12,40,61,0.5617977528089887,42.73913900985544,25,36,3,0.4098360655737705,0.8928571428571429,0.5617977528089887,1.88,15,33
81,3,0.09,30,54,0.5609756097560976,28.323451148447983,23,31,5,0.42592592592592593,0.8214285714285714,0.5609756097560976,5.304347826086956,15,26
21,3,0.07,40,58,0.5581395348837208,54.20881771623196,24,34,4,0.41379310344827586,0.8571428571428571,0.5581395348837208,1.375,15,30
21,3,0.09,40,58,0.5581395348837208,54.20881771623196,24,34,4,0.41379310344827586,0.8571428571428571,0.5581395348837208,1.375,15,30
61,2,0.09,40,58,0.5581395348837208,31.553634756684627,24,34,4,0.41379310344827586,0.8571428571428571,0.5581395348837208,2.5833333333333335,15,30
61,3,0.12,40,58,0.5581395348837208,31.667642447775975,24,34,4,0.41379310344827586,0.8571428571428571,0.5581395348837208,2.5833333333333335,15,30
51,2,0.03,40,58,0.5581395348837208,34.57236671646193,24,34,4,0.41379310344827586,0.8571428571428571,0.5581395348837208,2.9583333333333335,15,30
51,2,0.05,40,58,0.5581395348837208,34.57236671646193,24,34,4,0.41379310344827586,0.8571428571428571,0.5581395348837208,2.9583333333333335,15,30
51,2,0.07,40,58,0.5581395348837208,34.57236671646193,24,34,4,0.41379310344827586,0.8571428571428571,0.5581395348837208,2.9583333333333335,15,30
41,2,0.03,40,58,0.5581395348837208,38.8302493843765,24,34,4,0.41379310344827586,0.8571428571428571,0.5581395348837208,3.1666666666666665,15,30
41,2,0.05,40,58,0.5581395348837208,38.8302493843765,24,34,4,0.41379310344827586,0.8571428571428571,0.5581395348837208,3.1666666666666665,15,30
41,3,0.03,40,58,0.5581395348837208,38.8989883146868,24,34,4,0.41379310344827586,0.8571428571428571,0.5581395348837208,3.1666666666666665,15,30
41,3,0.05,40,58,0.5581395348837208,38.8989883146868,24,34,4,0.41379310344827586,0.8571428571428571,0.5581395348837208,3.1666666666666665,15,30
101,3,0.05,30,51,0.5569620253164557,26.031044338547396,22,29,6,0.43137254901960786,0.7857142857142857,0.5569620253164557,4.454545454545454,15,23
101,3,0.03,40,44,0.5555555555555556,30.147900391146244,20,24,8,0.45454545454545453,0.7142857142857143,0.5555555555555556,4.25,15,16
31,2,0.03,40,62,0.5555555555555555,41.99218073313361,25,37,3,0.4032258064516129,0.8928571428571429,0.5555555555555555,1.88,15,34
31,2,0.05,40,62,0.5555555555555555,41.99218073313361,25,37,3,0.4032258064516129,0.8928571428571429,0.5555555555555555,1.88,15,34
31,2,0.07,40,62,0.5555555555555555,41.99218073313361,25,37,3,0.4032258064516129,0.8928571428571429,0.5555555555555555,1.88,15,34
31,2,0.09,40,62,0.5555555555555555,41.99218073313361,25,37,3,0.4032258064516129,0.8928571428571429,0.5555555555555555,1.88,15,34
31,3,0.03,40,62,0.5555555555555555,42.05132158420216,25,37,3,0.4032258064516129,0.8928571428571429,0.5555555555555555,1.88,15,34
31,3,0.05,40,62,0.5555555555555555,42.05132158420216,25,37,3,0.4032258064516129,0.8928571428571429,0.5555555555555555,1.88,15,34
31,3,0.07,40,62,0.5555555555555555,42.05132158420216,25,37,3,0.4032258064516129,0.8928571428571429,0.5555555555555555,1.88,15,34
31,3,0.09,40,62,0.5555555555555555,42.05132158420216,25,37,3,0.4032258064516129,0.8928571428571429,0.5555555555555555,1.88,15,34
21,2,0.03,40,59,0.5517241379310346,52.94544659234117,24,35,4,0.4067796610169492,0.8571428571428571,0.5517241379310346,1.375,15,31
21,2,0.05,40,59,0.5517241379310346,52.94544659234117,24,35,4,0.4067796610169492,0.8571428571428571,0.5517241379310346,1.375,15,31
61,2,0.07,40,59,0.5517241379310346,31.020164215233336,24,35,4,0.4067796610169492,0.8571428571428571,0.5517241379310346,2.5833333333333335,15,31
61,3,0.09,40,59,0.5517241379310346,31.132610563115136,24,35,4,0.4067796610169492,0.8571428571428571,0.5517241379310346,2.5833333333333335,15,31
51,3,0.03,40,59,0.5517241379310346,34.18833747995246,24,35,4,0.4067796610169492,0.8571428571428571,0.5517241379310346,2.9583333333333335,15,31
51,3,0.05,40,59,0.5517241379310346,34.18833747995246,24,35,4,0.4067796610169492,0.8571428571428571,0.5517241379310346,2.9583333333333335,15,31
51,3,0.07,40,59,0.5517241379310346,34.18833747995246,24,35,4,0.4067796610169492,0.8571428571428571,0.5517241379310346,2.9583333333333335,15,31
101,2,0.07,20,59,0.5517241379310346,22.31302813176124,24,35,4,0.4067796610169492,0.8571428571428571,0.5517241379310346,4.25,15,31
101,2,0.03,40,45,0.5479452054794521,29.16525827448024,20,25,8,0.4444444444444444,0.7142857142857143,0.5479452054794521,4.65,15,17
81,2,0.07,30,56,0.5476190476190476,27.26027729160459,23,33,5,0.4107142857142857,0.8214285714285714,0.5476190476190476,5.304347826086956,15,28
21,3,0.03,40,60,0.5454545454545455,52.40397837146035,24,36,4,0.4,0.8571428571428571,0.5454545454545455,1.375,15,32
21,3,0.05,40,60,0.5454545454545455,52.40397837146035,24,36,4,0.4,0.8571428571428571,0.5454545454545455,1.375,15,32
61,2,0.05,40,60,0.5454545454545455,30.5041604445409,24,36,4,0.4,0.8571428571428571,0.5454545454545455,2.5833333333333335,15,32
61,3,0.07,40,60,0.5454545454545455,30.615048267247523,24,36,4,0.4,0.8571428571428571,0.5454545454545455,2.5833333333333335,15,32
101,3,0.07,20,60,0.5454545454545455,22.180452856570746,24,36,4,0.4,0.8571428571428571,0.5454545454545455,3.9166666666666665,15,32
81,2,0.03,30,60,0.5454545454545455,25.44591270577946,24,36,4,0.4,0.8571428571428571,0.5454545454545455,5.208333333333333,15,32
81,2,0.05,30,57,0.5411764705882353,26.782972058589188,23,34,5,0.40350877192982454,0.8214285714285714,0.5411764705882353,5.304347826086956,15,29
81,3,0.07,30,57,0.5411764705882353,26.836701244833645,23,34,5,0.40350877192982454,0.8214285714285714,0.5411764705882353,5.304347826086956,15,29
41,2,0.12,30,72,0.5399999999999999,31.93997677458103,27,45,1,0.375,0.9642857142857143,0.5399999999999999,3.2962962962962963,15,44
41,3,0.12,30,72,0.5399999999999999,31.995349801775433,27,45,1,0.375,0.9642857142857143,0.5399999999999999,3.2962962962962963,15,44
61,2,0.03,40,61,0.5393258426966292,30.004684936937235,24,37,4,0.39344262295081966,0.8571428571428571,0.5393258426966292,2.5833333333333335,15,33
61,3,0.05,40,61,0.5393258426966292,30.11414481981211,24,37,4,0.39344262295081966,0.8571428571428571,0.5393258426966292,2.5833333333333335,15,33
81,2,0.12,20,61,0.5393258426966292,25.06902740293544,24,37,4,0.39344262295081966,0.8571428571428571,0.5393258426966292,4.875,15,33
81,3,0.03,30,61,0.5393258426966292,25.07985581922013,24,37,4,0.39344262295081966,0.8571428571428571,0.5393258426966292,5.208333333333333,15,33
101,2,0.03,30,54,0.5365853658536585,24.318407268899946,22,32,6,0.4074074074074074,0.7857142857142857,0.5365853658536585,4.818181818181818,15,26
31,2,0.12,30,69,0.5360824742268041,37.934121295340546,26,43,2,0.37681159420289856,0.9285714285714286,0.5360824742268041,1.9230769230769231,15,41
31,3,0.12,30,69,0.5360824742268041,37.98726234992388,26,43,2,0.37681159420289856,0.9285714285714286,0.5360824742268041,1.9230769230769231,15,41
81,3,0.05,30,58,0.5348837209302326,26.374928447676623,23,35,5,0.39655172413793105,0.8214285714285714,0.5348837209302326,5.304347826086956,15,30
41,2,0.09,30,73,0.5346534653465346,31.50374569414538,27,46,1,0.3698630136986301,0.9642857142857143,0.5346534653465346,3.2962962962962963,15,45
41,3,0.09,30,73,0.5346534653465346,31.558360186720684,27,46,1,0.3698630136986301,0.9642857142857143,0.5346534653465346,3.2962962962962963,15,45
61,3,0.03,40,62,0.5333333333333333,29.629015943375094,24,38,4,0.3870967741935484,0.8571428571428571,0.5333333333333333,2.5833333333333335,15,34
81,2,0.09,20,62,0.5333333333333333,24.666245212162035,24,38,4,0.3870967741935484,0.8571428571428571,0.5333333333333333,4.875,15,34
81,3,0.12,20,62,0.5333333333333333,24.71495345491487,24,38,4,0.3870967741935484,0.8571428571428571,0.5333333333333333,4.875,15,34
81,3,0.09,20,63,0.5274725274725274,24.324184853646138,24,39,4,0.38095238095238093,0.8571428571428571,0.5274725274725274,4.875,15,35
31,2,0.03,30,75,0.5242718446601942,34.90591832279205,27,48,1,0.36,0.9642857142857143,0.5242718446601942,2.0,15,47
31,3,0.03,30,75,0.5242718446601942,34.95480809300871,27,48,1,0.36,0.9642857142857143,0.5242718446601942,2.0,15,47
41,2,0.07,30,75,0.5242718446601942,30.665871607584045,27,48,1,0.36,0.9642857142857143,0.5242718446601942,3.2962962962962963,15,47
41,3,0.07,30,75,0.5242718446601942,30.719029713690663,27,48,1,0.36,0.9642857142857143,0.5242718446601942,3.2962962962962963,15,47
101,3,0.03,30,56,0.5238095238095237,23.710523803420443,22,34,6,0.39285714285714285,0.7857142857142857,0.5238095238095237,4.454545454545454,15,28
61,2,0.09,30,64,0.5217391304347825,28.658780537125068,24,40,4,0.375,0.8571428571428571,0.5217391304347825,2.9166666666666665,15,36
101,3,0.05,20,64,0.5217391304347825,20.79774613835547,24,40,4,0.375,0.8571428571428571,0.5217391304347825,3.9166666666666665,15,36
101,2,0.05,20,64,0.5217391304347825,20.57446731228051,24,40,4,0.375,0.8571428571428571,0.5217391304347825,4.25,15,36
61,2,0.05,30,68,0.5208333333333335,26.97663525323067,25,43,3,0.36764705882352944,0.8928571428571429,0.5208333333333335,3.2,15,40
31,2,0.09,30,72,0.52,36.35767356828007,26,46,2,0.3611111111111111,0.9285714285714286,0.52,1.9230769230769231,15,44
31,3,0.09,30,72,0.52,36.408600412255765,26,46,2,0.3611111111111111,0.9285714285714286,0.52,1.9230769230769231,15,44
41,2,0.03,30,76,0.5192307692307693,30.263077313412342,27,49,1,0.35526315789473684,0.9642857142857143,0.5192307692307693,3.2962962962962963,15,48
41,2,0.05,30,76,0.5192307692307693,30.263077313412342,27,49,1,0.35526315789473684,0.9642857142857143,0.5192307692307693,3.2962962962962963,15,48
41,3,0.03,30,76,0.5192307692307693,30.3155359707544,27,49,1,0.35526315789473684,0.9642857142857143,0.5192307692307693,3.2962962962962963,15,48
41,3,0.05,30,76,0.5192307692307693,30.3155359707544,27,49,1,0.35526315789473684,0.9642857142857143,0.5192307692307693,3.2962962962962963,15,48
61,2,0.12,30,61,0.5168539325842696,30.062931874900713,23,38,5,0.3770491803278688,0.8214285714285714,0.5168539325842696,2.608695652173913,15,33
61,2,0.07,30,65,0.5161290322580645,28.2190489122921,24,41,4,0.36923076923076925,0.8571428571428571,0.5161290322580645,2.9166666666666665,15,37
61,3,0.09,30,65,0.5161290322580645,28.298146812290117,24,41,4,0.36923076923076925,0.8571428571428571,0.5161290322580645,2.9166666666666665,15,37
61,3,0.05,30,69,0.5154639175257733,26.661286748442592,25,44,3,0.36231884057971014,0.8928571428571429,0.5154639175257733,3.2,15,41
31,2,0.07,30,73,0.5148514851485149,35.86079867237924,26,47,2,0.3561643835616438,0.9285714285714286,0.5148514851485149,1.9230769230769231,15,45
31,3,0.07,30,73,0.5148514851485149,35.911027888355264,26,47,2,0.3561643835616438,0.9285714285714286,0.5148514851485149,1.9230769230769231,15,45
61,3,0.12,30,62,0.5111111111111112,29.66220052889995,23,39,5,0.3709677419354839,0.8214285714285714,0.5111111111111112,2.608695652173913,15,34
61,3,0.07,30,66,0.5106382978723404,27.87054193517939,24,42,4,0.36363636363636365,0.8571428571428571,0.5106382978723404,2.9166666666666665,15,38
51,2,0.12,30,70,0.5102040816326532,29.02452924816112,25,45,3,0.35714285714285715,0.8928571428571429,0.5102040816326532,3.16,15,42
51,3,0.12,30,70,0.5102040816326532,29.181219571726512,25,45,3,0.35714285714285715,0.8928571428571429,0.5102040816326532,3.16,15,42
61,2,0.03,30,70,0.5102040816326532,26.20697431841383,25,45,3,0.35714285714285715,0.8928571428571429,0.5102040816326532,3.2,15,42
31,2,0.05,30,74,0.5098039215686275,35.377098862059164,26,48,2,0.35135135135135137,0.9285714285714286,0.5098039215686275,1.9230769230769231,15,46
31,3,0.05,30,74,0.5098039215686275,35.42664930484632,26,48,2,0.35135135135135137,0.9285714285714286,0.5098039215686275,1.9230769230769231,15,46
101,3,0.12,15,59,0.5057471264367817,22.582822065570408,22,37,6,0.3728813559322034,0.7857142857142857,0.5057471264367817,3.909090909090909,15,31
101,2,0.12,15,59,0.5057471264367817,22.339668663443586,22,37,6,0.3728813559322034,0.7857142857142857,0.5057471264367817,4.2727272727272725,15,31
81,2,0.07,20,67,0.5052631578947367,22.831442769519143,24,43,4,0.3582089552238806,0.8571428571428571,0.5052631578947367,4.875,15,39
61,3,0.03,30,71,0.5050505050505051,25.911349164955233,25,46,3,0.352112676056338,0.8928571428571429,0.5050505050505051,3.2,15,43
21,2,0.12,30,75,0.5048543689320388,42.557551166648594,26,49,2,0.3466666666666667,0.9285714285714286,0.5048543689320388,1.6153846153846154,15,47
21,3,0.12,30,75,0.5048543689320388,42.73722982202979,26,49,2,0.3466666666666667,0.9285714285714286,0.5048543689320388,1.6153846153846154,15,47
101,3,0.03,20,68,0.5,19.576904805446706,24,44,4,0.35294117647058826,0.8571428571428571,0.5,3.9166666666666665,15,40
101,2,0.03,20,68,0.5,19.366760027964382,24,44,4,0.35294117647058826,0.8571428571428571,0.5,4.25,15,40
81,3,0.07,20,68,0.5,22.541516296815338,24,44,4,0.35294117647058826,0.8571428571428571,0.5,4.875,15,40
21,2,0.09,30,77,0.4952380952380952,41.4552059465935,26,51,2,0.33766233766233766,0.9285714285714286,0.4952380952380952,1.6153846153846154,15,49
21,3,0.09,30,77,0.4952380952380952,41.630217623912856,26,51,2,0.33766233766233766,0.9285714285714286,0.4952380952380952,1.6153846153846154,15,49
51,2,0.09,30,73,0.4950495049504951,27.836046487349805,25,48,3,0.3424657534246575,0.8928571428571429,0.4950495049504951,3.16,15,45
51,3,0.09,30,73,0.4950495049504951,27.9862974825495,25,48,3,0.3424657534246575,0.8928571428571429,0.4950495049504951,3.16,15,45
101,3,0.09,15,65,0.4946236559139785,20.507569956879202,23,42,5,0.35384615384615387,0.8214285714285714,0.4946236559139785,3.9130434782608696,15,37
101,2,0.09,15,65,0.4946236559139785,20.286861484179465,23,42,5,0.35384615384615387,0.8214285714285714,0.4946236559139785,4.260869565217392,15,37
21,2,0.03,30,78,0.4905660377358491,40.924785400739715,26,52,2,0.3333333333333333,0.9285714285714286,0.4905660377358491,1.6153846153846154,15,50
21,2,0.05,30,78,0.4905660377358491,40.924785400739715,26,52,2,0.3333333333333333,0.9285714285714286,0.4905660377358491,1.6153846153846154,15,50
21,2,0.07,30,78,0.4905660377358491,40.924785400739715,26,52,2,0.3333333333333333,0.9285714285714286,0.4905660377358491,1.6153846153846154,15,50
21,3,0.03,30,78,0.4905660377358491,41.09755333860624,26,52,2,0.3333333333333333,0.9285714285714286,0.4905660377358491,1.6153846153846154,15,50
21,3,0.05,30,78,0.4905660377358491,41.09755333860624,26,52,2,0.3333333333333333,0.9285714285714286,0.4905660377358491,1.6153846153846154,15,50
21,3,0.07,30,78,0.4905660377358491,41.09755333860624,26,52,2,0.3333333333333333,0.9285714285714286,0.4905660377358491,1.6153846153846154,15,50
51,2,0.07,30,74,0.4901960784313726,27.460849218687848,25,49,3,0.33783783783783783,0.8928571428571429,0.4901960784313726,3.16,15,46
51,3,0.07,30,74,0.4901960784313726,27.609069795033488,25,49,3,0.33783783783783783,0.8928571428571429,0.4901960784313726,3.16,15,46
51,2,0.03,30,75,0.48543689320388345,27.095577130179866,25,50,3,0.3333333333333333,0.8928571428571429,0.48543689320388345,3.16,15,47
51,2,0.05,30,75,0.48543689320388345,27.095577130179866,25,50,3,0.3333333333333333,0.8928571428571429,0.48543689320388345,3.16,15,47
51,3,0.03,30,75,0.48543689320388345,27.241821432174238,25,50,3,0.3333333333333333,0.8928571428571429,0.48543689320388345,3.16,15,47
51,3,0.05,30,75,0.48543689320388345,27.241821432174238,25,50,3,0.3333333333333333,0.8928571428571429,0.48543689320388345,3.16,15,47
101,3,0.12,10,71,0.48484848484848475,18.815319027125312,24,47,4,0.3380281690140845,0.8571428571428571,0.48484848484848475,3.4583333333333335,15,43
81,2,0.05,20,71,0.48484848484848475,21.548573738189486,24,47,4,0.3380281690140845,0.8571428571428571,0.48484848484848475,4.875,15,43
81,2,0.12,15,67,0.4842105263157894,22.861518787341282,23,44,5,0.34328358208955223,0.8214285714285714,0.4842105263157894,4.217391304347826,15,39
101,2,0.12,10,72,0.48,18.358747299455707,24,48,4,0.3333333333333333,0.8571428571428571,0.48,3.7916666666666665,15,44
81,3,0.05,20,72,0.48,21.292571917182144,24,48,4,0.3333333333333333,0.8571428571428571,0.48,4.875,15,44
101,3,0.07,15,68,0.47916666666666674,19.60643251097935,23,45,5,0.3382352941176471,0.8214285714285714,0.47916666666666674,3.9130434782608696,15,40
101,2,0.07,15,68,0.47916666666666674,19.395461176781073,23,45,5,0.3382352941176471,0.8214285714285714,0.47916666666666674,4.260869565217392,15,40
81,2,0.09,15,73,0.4752475247524752,20.99064213825248,24,49,4,0.3287671232876712,0.8571428571428571,0.4752475247524752,4.041666666666667,15,45
81,2,0.03,20,73,0.4752475247524752,20.959373819546204,24,49,4,0.3287671232876712,0.8571428571428571,0.4752475247524752,4.666666666666667,15,45
81,3,0.12,15,69,0.4742268041237113,22.248948684185763,23,46,5,0.3333333333333333,0.8214285714285714,0.4742268041237113,3.869565217391304,15,41
61,2,0.12,20,82,0.4727272727272727,22.48284201808441,26,56,2,0.3170731707317073,0.9285714285714286,0.4727272727272727,2.769230769230769,15,54
61,3,0.12,20,82,0.4727272727272727,22.539796391287354,26,56,2,0.3170731707317073,0.9285714285714286,0.4727272727272727,2.769230769230769,15,54
81,3,0.03,20,74,0.4705882352941177,20.71825312773694,24,50,4,0.32432432432432434,0.8571428571428571,0.4705882352941177,4.666666666666667,15,46
81,3,0.09,15,75,0.4660194174757282,20.476967687325104,24,51,4,0.32,0.8571428571428571,0.4660194174757282,3.7083333333333335,15,47
51,2,0.12,20,88,0.4655172413793104,23.168151707422286,27,61,1,0.3068181818181818,0.9642857142857143,0.4655172413793104,3.5555555555555554,15,60
101,3,0.09,10,76,0.46153846153846156,17.58478885027328,24,52,4,0.3157894736842105,0.8571428571428571,0.46153846153846156,3.4583333333333335,15,48
51,3,0.12,20,89,0.46153846153846156,23.029085244999326,27,62,1,0.30337078651685395,0.9642857142857143,0.46153846153846156,3.5555555555555554,15,61
101,2,0.09,10,76,0.46153846153846156,17.398285372606452,24,52,4,0.3157894736842105,0.8571428571428571,0.46153846153846156,3.7916666666666665,15,48
81,2,0.07,15,76,0.46153846153846156,20.165091672254707,24,52,4,0.3157894736842105,0.8571428571428571,0.46153846153846156,4.041666666666667,15,48
101,3,0.05,15,72,0.45999999999999996,18.520571975545785,23,49,5,0.3194444444444444,0.8214285714285714,0.45999999999999996,3.9130434782608696,15,44
101,2,0.05,15,72,0.45999999999999996,18.321321271025187,23,49,5,0.3194444444444444,0.8214285714285714,0.45999999999999996,4.260869565217392,15,44
61,2,0.07,20,90,0.45762711864406774,20.49333984461032,27,63,1,0.3,0.9642857142857143,0.45762711864406774,2.8518518518518516,15,62
61,3,0.07,20,90,0.45762711864406774,20.54523160686189,27,63,1,0.3,0.9642857142857143,0.45762711864406774,2.8518518518518516,15,62
81,2,0.05,15,82,0.4545454545454546,18.69405261549339,25,57,3,0.3048780487804878,0.8928571428571429,0.4545454545454546,3.88,15,54
61,2,0.05,20,91,0.45378151260504207,20.26872041050597,27,64,1,0.2967032967032967,0.9642857142857143,0.45378151260504207,2.8518518518518516,15,63
61,3,0.05,20,91,0.45378151260504207,20.32004193361192,27,64,1,0.2967032967032967,0.9642857142857143,0.45378151260504207,2.8518518518518516,15,63
51,2,0.07,20,91,0.45378151260504207,22.40802211872505,27,64,1,0.2967032967032967,0.9642857142857143,0.45378151260504207,3.5555555555555554,15,63
51,2,0.09,20,91,0.45378151260504207,22.40802211872505,27,64,1,0.2967032967032967,0.9642857142857143,0.45378151260504207,3.5555555555555554,15,63
81,3,0.07,15,78,0.45283018867924535,19.69234189164499,24,54,4,0.3076923076923077,0.8571428571428571,0.45283018867924535,3.7083333333333335,15,50
51,3,0.07,20,92,0.45,22.281752710388677,27,65,1,0.29347826086956524,0.9642857142857143,0.45,3.5555555555555554,15,64
51,3,0.09,20,92,0.45,22.281752710388677,27,65,1,0.29347826086956524,0.9642857142857143,0.45,3.5555555555555554,15,64
61,2,0.09,20,88,0.4482758620689656,20.957193345453756,26,62,2,0.29545454545454547,0.9285714285714286,0.4482758620689656,2.769230769230769,15,60
61,3,0.09,20,88,0.4482758620689656,21.010264465938317,26,62,2,0.29545454545454547,0.9285714285714286,0.4482758620689656,2.769230769230769,15,60
81,3,0.05,15,84,0.4464285714285715,18.290095415802494,25,59,3,0.2976190476190476,0.8928571428571429,0.4464285714285715,3.56,15,56
61,2,0.03,20,93,0.4462809917355372,19.83370044686977,27,66,1,0.2903225806451613,0.9642857142857143,0.4462809917355372,2.8518518518518516,15,65
61,3,0.03,20,94,0.4426229508196721,19.672822727584876,27,67,1,0.2872340425531915,0.9642857142857143,0.4426229508196721,2.8518518518518516,15,66
51,2,0.05,20,94,0.4426229508196721,21.69468377707806,27,67,1,0.2872340425531915,0.9642857142857143,0.4426229508196721,3.5555555555555554,15,66
51,3,0.05,20,95,0.4390243902439024,21.5799106483907,27,68,1,0.28421052631578947,0.9642857142857143,0.4390243902439024,3.5555555555555554,15,67
41,2,0.12,20,101,0.434108527131783,22.91514247983135,28,73,0,0.27722772277227725,1.0,0.434108527131783,2.607142857142857,15,73
41,3,0.12,20,101,0.434108527131783,22.95461632099963,28,73,0,0.27722772277227725,1.0,0.434108527131783,2.607142857142857,15,73
81,2,0.03,15,88,0.4310344827586207,17.42218297120467,25,63,3,0.2840909090909091,0.8928571428571429,0.4310344827586207,3.88,15,60
81,2,0.12,10,93,0.42975206611570244,16.551426404999013,26,67,2,0.27956989247311825,0.9285714285714286,0.42975206611570244,3.923076923076923,15,65
101,3,0.07,10,84,0.42857142857142855,15.91758295697352,24,60,4,0.2857142857142857,0.8571428571428571,0.42857142857142855,3.4583333333333335,15,56
101,2,0.07,10,84,0.42857142857142855,15.748841715274958,24,60,4,0.2857142857142857,0.8571428571428571,0.42857142857142855,3.7916666666666665,15,56
51,2,0.03,20,98,0.4285714285714285,20.81074380724939,27,71,1,0.2755102040816326,0.9642857142857143,0.4285714285714285,3.5555555555555554,15,70
81,3,0.12,10,94,0.42622950819672134,16.410083127840604,26,68,2,0.2765957446808511,0.9285714285714286,0.42622950819672134,4.0,15,66
101,3,0.03,15,80,0.42592592592592593,16.672478628541505,23,57,5,0.2875,0.8214285714285714,0.42592592592592593,3.9130434782608696,15,52
101,2,0.03,15,80,0.42592592592592593,16.493152994472972,23,57,5,0.2875,0.8214285714285714,0.42592592592592593,4.260869565217392,15,52
51,3,0.03,20,99,0.4251968503937008,20.709536663254738,27,72,1,0.2727272727272727,0.9642857142857143,0.4251968503937008,3.5555555555555554,15,71
31,2,0.12,20,104,0.42424242424242425,25.97228571819607,28,76,0,0.2692307692307692,1.0,0.42424242424242425,2.25,15,76
31,3,0.12,20,104,0.42424242424242425,26.021832911312377,28,76,0,0.2692307692307692,1.0,0.42424242424242425,2.25,15,76
41,2,0.09,20,104,0.42424242424242425,22.25724597719736,28,76,0,0.2692307692307692,1.0,0.42424242424242425,2.607142857142857,15,76
41,3,0.09,20,104,0.42424242424242425,22.295581149870408,28,76,0,0.2692307692307692,1.0,0.42424242424242425,2.607142857142857,15,76
81,3,0.03,15,90,0.42372881355932207,17.073420021366257,25,65,3,0.2777777777777778,0.8928571428571429,0.42372881355932207,3.56,15,62
31,2,0.09,20,105,0.4210526315789474,25.72588571733057,28,77,0,0.26666666666666666,1.0,0.4210526315789474,2.25,15,77
31,3,0.09,20,105,0.4210526315789474,25.774961032417195,28,77,0,0.26666666666666666,1.0,0.4210526315789474,2.25,15,77
41,2,0.05,20,106,0.41791044776119407,21.83884818665861,28,78,0,0.2641509433962264,1.0,0.41791044776119407,2.607142857142857,15,78
41,2,0.07,20,106,0.41791044776119407,21.83884818665861,28,78,0,0.2641509433962264,1.0,0.41791044776119407,2.607142857142857,15,78
41,3,0.05,20,106,0.41791044776119407,21.876460054186882,28,78,0,0.2641509433962264,1.0,0.41791044776119407,2.607142857142857,15,78
41,3,0.07,20,106,0.41791044776119407,21.876460054186882,28,78,0,0.2641509433962264,1.0,0.41791044776119407,2.607142857142857,15,78
31,2,0.07,20,107,0.41481481481481475,25.246609385169535,28,79,0,0.2616822429906542,1.0,0.41481481481481475,2.25,15,79
31,3,0.07,20,107,0.41481481481481475,25.29476740464707,28,79,0,0.2616822429906542,1.0,0.41481481481481475,2.25,15,79
41,2,0.03,20,107,0.41481481481481475,21.635040597793445,28,79,0,0.2616822429906542,1.0,0.41481481481481475,2.607142857142857,15,79
41,3,0.03,20,107,0.41481481481481475,21.672300952541082,28,79,0,0.2616822429906542,1.0,0.41481481481481475,2.607142857142857,15,79
81,2,0.09,10,99,0.4094488188976378,15.554417080265237,26,73,2,0.26262626262626265,0.9285714285714286,0.4094488188976378,3.923076923076923,15,71
31,2,0.03,20,109,0.40875912408759124,24.784466216927314,28,81,0,0.25688073394495414,1.0,0.40875912408759124,2.25,15,81
31,2,0.05,20,109,0.40875912408759124,24.784466216927314,28,81,0,0.25688073394495414,1.0,0.40875912408759124,2.25,15,81
31,3,0.03,20,109,0.40875912408759124,24.831740603019938,28,81,0,0.25688073394495414,1.0,0.40875912408759124,2.25,15,81
31,3,0.05,20,109,0.40875912408759124,24.831740603019938,28,81,0,0.25688073394495414,1.0,0.40875912408759124,2.25,15,81
101,2,0.05,10,90,0.4067796610169491,14.702923260182752,24,66,4,0.26666666666666666,0.8571428571428571,0.4067796610169491,3.75,15,62
81,3,0.09,10,100,0.40625,15.43152449298367,26,74,2,0.26,0.9285714285714286,0.40625,4.0,15,72
101,3,0.05,10,91,0.4033613445378151,14.697868400776489,24,67,4,0.26373626373626374,0.8571428571428571,0.4033613445378151,3.4166666666666665,15,63
21,2,0.12,20,112,0.4,29.18956487587419,28,84,0,0.25,1.0,0.4,1.5714285714285714,15,84
21,3,0.12,20,112,0.4,29.318092935848878,28,84,0,0.25,1.0,0.4,1.5714285714285714,15,84
61,2,0.12,15,92,0.4,20.10182694978948,24,68,4,0.2608695652173913,0.8571428571428571,0.4,3.0,15,64
51,2,0.12,15,107,0.39999999999999997,19.135289936085446,27,80,1,0.2523364485981308,0.9642857142857143,0.39999999999999997,2.814814814814815,15,79
51,3,0.12,15,108,0.39705882352941174,19.059710155638665,27,81,1,0.25,0.9642857142857143,0.39705882352941174,2.814814814814815,15,80
61,2,0.07,15,103,0.3969465648854961,17.965278643252795,26,77,2,0.2524271844660194,0.9285714285714286,0.3969465648854961,3.1923076923076925,15,75
61,3,0.12,15,93,0.39669421487603307,19.93944088443571,24,69,4,0.25806451612903225,0.8571428571428571,0.39669421487603307,3.0,15,65
21,2,0.07,20,114,0.3943661971830986,28.679343973873713,28,86,0,0.24561403508771928,1.0,0.3943661971830986,1.5714285714285714,15,86
21,2,0.09,20,114,0.3943661971830986,28.679343973873713,28,86,0,0.24561403508771928,1.0,0.3943661971830986,1.5714285714285714,15,86
21,3,0.07,20,114,0.3943661971830986,28.805617155603237,28,86,0,0.24561403508771928,1.0,0.3943661971830986,1.5714285714285714,15,86
21,3,0.09,20,114,0.3943661971830986,28.805617155603237,28,86,0,0.24561403508771928,1.0,0.3943661971830986,1.5714285714285714,15,86
61,3,0.07,15,104,0.3939393939393939,17.840611760835834,26,78,2,0.25,0.9285714285714286,0.3939393939393939,3.1923076923076925,15,76
81,2,0.07,10,104,0.3939393939393939,14.810400801990228,26,78,2,0.25,0.9285714285714286,0.3939393939393939,3.923076923076923,15,76
61,2,0.09,15,99,0.3937007874015748,18.68788500500367,25,74,3,0.25252525252525254,0.8928571428571429,0.3937007874015748,3.12,15,71
21,2,0.05,20,115,0.39160839160839167,28.4305162285257,28,87,0,0.24347826086956523,1.0,0.39160839160839167,1.5714285714285714,15,87
21,3,0.05,20,115,0.39160839160839167,28.555691382588016,28,87,0,0.24347826086956523,1.0,0.39160839160839167,1.5714285714285714,15,87
61,2,0.05,15,110,0.391304347826087,16.825751247332672,27,83,1,0.24545454545454545,0.9642857142857143,0.391304347826087,3.4444444444444446,15,82
81,3,0.07,10,105,0.3909774436090226,14.70044611199136,26,79,2,0.24761904761904763,0.9285714285714286,0.3909774436090226,4.0,15,77
61,3,0.09,15,100,0.39062500000000006,18.55100538367252,25,75,3,0.25,0.8928571428571429,0.39062500000000006,3.12,15,72
21,2,0.03,20,116,0.3888888888888889,28.18569471574699,28,88,0,0.2413793103448276,1.0,0.3888888888888889,1.5714285714285714,15,88
21,3,0.03,20,116,0.3888888888888889,28.309790773653592,28,88,0,0.2413793103448276,1.0,0.3888888888888889,1.5714285714285714,15,88
61,3,0.05,15,111,0.3884892086330935,16.719212252959306,27,84,1,0.24324324324324326,0.9642857142857143,0.3884892086330935,3.4444444444444446,15,83
61,2,0.03,15,113,0.3829787234042553,16.380159273589356,27,86,1,0.23893805309734514,0.9642857142857143,0.3829787234042553,3.4444444444444446,15,85
51,2,0.09,15,114,0.38028169014084506,17.966714014949794,27,87,1,0.23684210526315788,0.9642857142857143,0.38028169014084506,2.814814814814815,15,86
61,3,0.03,15,114,0.38028169014084506,16.28033263848672,27,87,1,0.23684210526315788,0.9642857142857143,0.38028169014084506,3.4444444444444446,15,86
41,2,0.12,15,120,0.37837837837837834,19.394506453827706,28,92,0,0.23333333333333334,1.0,0.37837837837837834,3.1785714285714284,15,92
41,3,0.12,15,120,0.37837837837837834,19.427730270144348,28,92,0,0.23333333333333334,1.0,0.37837837837837834,3.1785714285714284,15,92
51,3,0.09,15,115,0.3776223776223776,17.905896272627036,27,88,1,0.23478260869565218,0.9642857142857143,0.3776223776223776,2.814814814814815,15,87
31,2,0.12,15,122,0.37333333333333335,22.28891171830785,28,94,0,0.22950819672131148,1.0,0.37333333333333335,1.7857142857142858,15,94
31,3,0.12,15,122,0.37333333333333335,22.331148669816834,28,94,0,0.22950819672131148,1.0,0.37333333333333335,1.7857142857142858,15,94
101,2,0.03,10,101,0.372093023255814,13.106306403925819,24,77,4,0.2376237623762376,0.8571428571428571,0.372093023255814,3.625,15,73
51,2,0.07,15,118,0.36986301369863017,17.360363418180256,27,91,1,0.2288135593220339,0.9642857142857143,0.36986301369863017,2.814814814814815,15,90
101,3,0.03,10,102,0.36923076923076925,13.117449782850203,24,78,4,0.23529411764705882,0.8571428571428571,0.36923076923076925,3.2916666666666665,15,74
81,2,0.05,10,113,0.36879432624113473,13.635589387181428,26,87,2,0.23008849557522124,0.9285714285714286,0.36879432624113473,3.5,15,85
51,2,0.05,15,119,0.3673469387755102,17.21503159004772,27,92,1,0.226890756302521,0.9642857142857143,0.3673469387755102,2.814814814814815,15,91
51,3,0.07,15,119,0.3673469387755102,17.306685352883218,27,92,1,0.226890756302521,0.9642857142857143,0.3673469387755102,2.814814814814815,15,91
81,3,0.05,10,114,0.3661971830985915,13.544620693891314,26,88,2,0.22807017543859648,0.9285714285714286,0.3661971830985915,3.576923076923077,15,86
51,3,0.05,15,120,0.36486486486486486,17.16301194052926,27,93,1,0.225,0.9642857142857143,0.36486486486486486,2.814814814814815,15,92
31,2,0.09,15,126,0.3636363636363636,21.58461980573125,28,98,0,0.2222222222222222,1.0,0.3636363636363636,1.7857142857142858,15,98
31,3,0.09,15,126,0.3636363636363636,21.625515901636774,28,98,0,0.2222222222222222,1.0,0.3636363636363636,1.7857142857142858,15,98
41,2,0.09,15,126,0.3636363636363636,18.475977910800328,28,98,0,0.2222222222222222,1.0,0.3636363636363636,3.1785714285714284,15,98
41,3,0.09,15,126,0.3636363636363636,18.507619640625702,28,98,0,0.2222222222222222,1.0,0.3636363636363636,3.1785714285714284,15,98
41,2,0.07,15,127,0.36129032258064514,18.33115503593084,28,99,0,0.2204724409448819,1.0,0.36129032258064514,3.1785714285714284,15,99
41,3,0.07,15,127,0.36129032258064514,18.362547618277276,28,99,0,0.2204724409448819,1.0,0.36129032258064514,3.1785714285714284,15,99
51,2,0.03,15,123,0.3576158940397351,16.656547990602828,27,96,1,0.21951219512195122,0.9642857142857143,0.3576158940397351,2.814814814814815,15,95
31,2,0.07,15,129,0.356687898089172,21.084512760845442,28,101,0,0.21705426356589147,1.0,0.356687898089172,1.7857142857142858,15,101
31,3,0.07,15,129,0.356687898089172,21.124457784753165,28,101,0,0.21705426356589147,1.0,0.356687898089172,1.7857142857142858,15,101
51,3,0.03,15,124,0.35526315789473684,16.610710294290165,27,97,1,0.21774193548387097,0.9642857142857143,0.35526315789473684,2.814814814814815,15,96
41,2,0.05,15,130,0.35443037974683544,17.909493574219283,28,102,0,0.2153846153846154,1.0,0.35443037974683544,3.1785714285714284,15,102
41,3,0.05,15,130,0.35443037974683544,17.940161712357728,28,102,0,0.2153846153846154,1.0,0.35443037974683544,3.1785714285714284,15,102
61,2,0.12,10,120,0.35135135135135137,15.471321908184946,26,94,2,0.21666666666666667,0.9285714285714286,0.35135135135135137,2.5384615384615383,15,92
81,2,0.03,10,120,0.35135135135135137,12.842293124724467,26,94,2,0.21666666666666667,0.9285714285714286,0.35135135135135137,3.5,15,92
31,2,0.05,15,132,0.35,20.606793518820407,28,104,0,0.21212121212121213,1.0,0.35,1.7857142857142858,15,104
31,3,0.05,15,132,0.35,20.64583070127568,28,104,0,0.21212121212121213,1.0,0.35,1.7857142857142858,15,104
61,3,0.12,10,121,0.3489932885906041,15.384781420281675,26,95,2,0.21487603305785125,0.9285714285714286,0.3489932885906041,2.5384615384615383,15,93
81,3,0.03,10,121,0.3489932885906041,12.763143250570618,26,95,2,0.21487603305785125,0.9285714285714286,0.3489932885906041,3.576923076923077,15,93
31,2,0.03,15,133,0.34782608695652173,20.452134428850005,28,105,0,0.21052631578947367,1.0,0.34782608695652173,1.7857142857142858,15,105
31,3,0.03,15,133,0.34782608695652173,20.490878098655237,28,105,0,0.21052631578947367,1.0,0.34782608695652173,1.7857142857142858,15,105
41,2,0.03,15,133,0.34782608695652173,17.506348020614997,28,105,0,0.21052631578947367,1.0,0.34782608695652173,3.1785714285714284,15,105
41,3,0.03,15,133,0.34782608695652173,17.53632439623903,28,105,0,0.21052631578947367,1.0,0.34782608695652173,3.1785714285714284,15,105
21,2,0.09,15,137,0.3393939393939394,24.22611894003262,28,109,0,0.20437956204379562,1.0,0.3393939393939394,1.7857142857142858,15,109
21,3,0.09,15,138,0.3373493975903615,24.161211266832485,28,110,0,0.2028985507246377,1.0,0.3373493975903615,1.7857142857142858,15,110
21,2,0.07,15,139,0.33532934131736525,23.87867926839717,28,111,0,0.2014388489208633,1.0,0.33532934131736525,1.7857142857142858,15,111
21,2,0.05,15,140,0.33333333333333337,23.708528094426818,28,112,0,0.2,1.0,0.33333333333333337,1.7857142857142858,15,112
21,3,0.07,15,140,0.33333333333333337,23.81718055961157,28,112,0,0.2,1.0,0.33333333333333337,1.7857142857142858,15,112
61,2,0.09,10,128,0.3333333333333333,14.510975730906473,26,102,2,0.203125,0.9285714285714286,0.3333333333333333,2.5384615384615383,15,100
21,2,0.03,15,141,0.3313609467455621,23.54060392883653,28,113,0,0.19858156028368795,1.0,0.3313609467455621,1.7857142857142858,15,113
21,3,0.05,15,141,0.3313609467455621,23.64867229261112,28,113,0,0.19858156028368795,1.0,0.3313609467455621,1.7857142857142858,15,113
21,2,0.12,15,135,0.3312883435582822,24.58338526119258,27,108,1,0.2,0.9642857142857143,0.3312883435582822,1.7407407407407407,15,107
61,3,0.09,10,129,0.33121019108280253,14.437246638976104,26,103,2,0.20155038759689922,0.9285714285714286,0.33121019108280253,2.5384615384615383,15,101
21,3,0.03,15,142,0.32941176470588235,23.48235221129833,28,114,0,0.19718309859154928,1.0,0.32941176470588235,1.7857142857142858,15,114
21,3,0.12,15,136,0.3292682926829268,24.51489610514273,27,109,1,0.19852941176470587,0.9642857142857143,0.3292682926829268,1.7407407407407407,15,108
61,2,0.07,10,136,0.3292682926829268,13.662184803103033,27,109,1,0.19852941176470587,0.9642857142857143,0.3292682926829268,2.6296296296296298,15,108
51,2,0.12,10,137,0.3272727272727273,15.031131743162875,27,110,1,0.19708029197080293,0.9642857142857143,0.3272727272727273,2.259259259259259,15,109
61,3,0.07,10,137,0.3272727272727273,13.598956613824097,27,110,1,0.19708029197080293,0.9642857142857143,0.3272727272727273,2.6296296296296298,15,109
51,3,0.12,10,138,0.3253012048192771,15.001722626530043,27,111,1,0.1956521739130435,0.9642857142857143,0.3253012048192771,2.259259259259259,15,110
61,2,0.05,10,142,0.3176470588235294,13.087345728527529,27,115,1,0.19014084507042253,0.9642857142857143,0.3176470588235294,2.6296296296296298,15,114
61,3,0.05,10,143,0.3157894736842105,13.030790323935651,27,116,1,0.1888111888111888,0.9642857142857143,0.3157894736842105,2.6296296296296298,15,115
51,2,0.09,10,144,0.31395348837209297,14.305395814379134,27,117,1,0.1875,0.9642857142857143,0.31395348837209297,2.259259259259259,15,116
51,3,0.09,10,145,0.31213872832369943,14.282411523575364,27,118,1,0.18620689655172415,0.9642857142857143,0.31213872832369943,2.259259259259259,15,117
41,2,0.12,10,153,0.30939226519337015,15.341757462056464,28,125,0,0.1830065359477124,1.0,0.30939226519337015,2.4642857142857144,15,125
41,3,0.12,10,153,0.30939226519337015,15.367815357206771,28,125,0,0.1830065359477124,1.0,0.30939226519337015,2.4642857142857144,15,125
61,2,0.03,10,147,0.30857142857142855,12.643721767747019,27,120,1,0.1836734693877551,0.9642857142857143,0.30857142857142855,2.6296296296296298,15,119
51,2,0.07,10,148,0.3068181818181818,13.920882649645327,27,121,1,0.18243243243243243,0.9642857142857143,0.3068181818181818,2.259259259259259,15,120
61,3,0.03,10,148,0.3068181818181818,12.59207447791014,27,121,1,0.18243243243243243,0.9642857142857143,0.3068181818181818,2.6296296296296298,15,120
51,3,0.07,10,149,0.3050847457627119,13.90109601204927,27,122,1,0.18120805369127516,0.9642857142857143,0.3050847457627119,2.259259259259259,15,121
41,2,0.09,10,158,0.3010752688172043,14.859488728165973,28,130,0,0.17721518987341772,1.0,0.3010752688172043,2.4642857142857144,15,130
41,3,0.09,10,158,0.3010752688172043,14.884722006381143,28,130,0,0.17721518987341772,1.0,0.3010752688172043,2.4642857142857144,15,130
41,2,0.07,10,162,0.2947368421052632,14.494716234286333,28,134,0,0.1728395061728395,1.0,0.2947368421052632,2.4642857142857144,15,134
41,3,0.07,10,162,0.2947368421052632,14.519326468594958,28,134,0,0.1728395061728395,1.0,0.2947368421052632,2.4642857142857144,15,134
51,2,0.05,10,156,0.2934782608695652,13.210229492070944,27,129,1,0.17307692307692307,0.9642857142857143,0.2934782608695652,2.0,15,128
51,3,0.05,10,157,0.29189189189189185,13.195977544018467,27,130,1,0.17197452229299362,0.9642857142857143,0.29189189189189185,2.0,15,129
31,2,0.12,10,166,0.288659793814433,16.580218160395763,28,138,0,0.1686746987951807,1.0,0.288659793814433,1.4642857142857142,15,138
41,2,0.05,10,166,0.288659793814433,14.146769342480775,28,138,0,0.1686746987951807,1.0,0.288659793814433,2.392857142857143,15,138
41,3,0.05,10,166,0.288659793814433,14.170786559095212,28,138,0,0.1686746987951807,1.0,0.288659793814433,2.392857142857143,15,138
31,3,0.12,10,167,0.28717948717948716,16.514614653559867,28,139,0,0.16766467065868262,1.0,0.28717948717948716,1.4642857142857142,15,139
51,2,0.03,10,161,0.2857142857142857,12.801216939252717,27,134,1,0.16770186335403728,0.9642857142857143,0.2857142857142857,2.0,15,133
51,3,0.03,10,162,0.28421052631578947,12.78992963498469,27,135,1,0.16666666666666666,0.9642857142857143,0.28421052631578947,2.0,15,134
31,2,0.09,10,170,0.2828282828282828,16.19262111120609,28,142,0,0.16470588235294117,1.0,0.2828282828282828,1.4642857142857142,15,142
31,3,0.09,10,171,0.2814070351758794,16.130818838735898,28,143,0,0.16374269005847952,1.0,0.2814070351758794,1.4642857142857142,15,143
41,2,0.03,10,171,0.2814070351758794,13.734253536163665,28,143,0,0.16374269005847952,1.0,0.2814070351758794,2.3214285714285716,15,143
41,3,0.03,10,171,0.2814070351758794,13.757568494982362,28,143,0,0.16374269005847952,1.0,0.2814070351758794,2.3214285714285716,15,143
31,2,0.07,10,173,0.27860696517412936,15.913222015955919,28,145,0,0.16184971098265896,1.0,0.27860696517412936,1.4642857142857142,15,145
31,3,0.07,10,174,0.2772277227722772,15.854091041834348,28,146,0,0.16091954022988506,1.0,0.2772277227722772,1.4642857142857142,15,146
21,2,0.12,10,176,0.2745098039215686,19.045844884489153,28,148,0,0.1590909090909091,1.0,0.2745098039215686,1.8571428571428572,15,148
21,3,0.12,10,176,0.2745098039215686,19.129670197487027,28,148,0,0.1590909090909091,1.0,0.2745098039215686,1.8571428571428572,15,148
31,2,0.05,10,177,0.2731707317073171,15.554988164466748,28,149,0,0.15819209039548024,1.0,0.2731707317073171,1.4642857142857142,15,149
31,3,0.05,10,178,0.27184466019417475,15.49919852600796,28,150,0,0.15730337078651685,1.0,0.27184466019417475,1.4642857142857142,15,150
31,2,0.03,10,180,0.2692307692307693,15.2963960160582,28,152,0,0.15555555555555556,1.0,0.2692307692307693,1.4642857142857142,15,152
21,2,0.09,10,180,0.2692307692307693,18.625025265484016,28,152,0,0.15555555555555556,1.0,0.2692307692307693,1.8571428571428572,15,152
21,3,0.09,10,180,0.2692307692307693,18.706987793748606,28,152,0,0.15555555555555556,1.0,0.2692307692307693,1.8571428571428572,15,152
31,3,0.03,10,181,0.26794258373205737,15.242959753642422,28,153,0,0.15469613259668508,1.0,0.26794258373205737,1.4642857142857142,15,153
21,2,0.07,10,182,0.2666666666666667,18.421160171485226,28,154,0,0.15384615384615385,1.0,0.2666666666666667,1.8571428571428572,15,154
21,3,0.07,10,182,0.2666666666666667,18.50222201262603,28,154,0,0.15384615384615385,1.0,0.2666666666666667,1.8571428571428572,15,154
21,2,0.05,10,183,0.26540284360189575,18.320848658301436,28,155,0,0.15300546448087432,1.0,0.26540284360189575,1.8571428571428572,15,155
21,3,0.05,10,183,0.26540284360189575,18.401467538561693,28,155,0,0.15300546448087432,1.0,0.26540284360189575,1.8571428571428572,15,155
21,2,0.03,10,189,0.25806451612903225,17.740383432411996,28,161,0,0.14814814814814814,1.0,0.25806451612903225,1.8571428571428572,15,161
21,3,0.03,10,189,0.25806451612903225,17.818442983140176,28,161,0,0.14814814814814814,1.0,0.25806451612903225,1.8571428571428572,15,161
